{
  "equal_weight": {
    "initial": 10000.0,
    "final": 9791.526791153601,
    "return_pct": -2.0847320884639884,
    "volatility": 0.34638656064909595,
    "sharpe": -0.13135969683366214
  },
  "BTC-USDC_only": {
    "initial": 10000.0,
    "final": 8146.0228982140825,
    "return_pct": -18.539771017859174,
    "volatility": 0.3737589602440738,
    "sharpe": -1.1849103367484308
  },
  "ETH-USDC_only": {
    "initial": 10000.0,
    "final": 8632.83505316972,
    "return_pct": -13.671649468302805,
    "volatility": 0.6826388076600369,
    "sharpe": -0.4651235799733866
  },
  "PAXG-USDC_only": {
    "initial": 10000.0,
    "final": 14010.628150974266,
    "return_pct": 40.10628150974266,
    "volatility": 0.21767659808316198,
    "sharpe": 3.345969981445739
  },
  "SOL-USDC_only": {
    "initial": 10000.0,
    "final": 7988.298829882983,
    "return_pct": -20.117011701170167,
    "volatility": 0.7621819894831526,
    "sharpe": -0.6364602479676352
  },
  "risk_free": {
    "initial": 10000.0,
    "final": 10180.922788423948,
    "return_pct": 1.8092278842394807,
    "volatility": 0.0,
    "sharpe": 0.0
  }
}